{
  "Актау": [
    43.6353364,
    51.168222
  ],
  "Актобе": [
    50.3003589,
    57.1545752
  ],
  "Алматы": [
    43.2363924,
    76.9457275
  ],
  "Астана": [
    51.1282205,
    71.4306682
  ],
  "Атырау": [
    47.1067183,
    51.9138976
  ],
  "Караганда": [
    49.8421549,
    73.1063206
  ],
  "Кокшетау": [
    53.2852054,
    69.3814676
  ],
  "Костанай": [
    53.2146604,
    63.632607
  ],
  "Кызылорда": [
    44.8426778,
    65.5036151
  ],
  "Павлодар": [
    52.2857573,
    76.9455035
  ],
  "Петропавловск": [
    54.8691367,
    69.1355169
  ],
  "Тараз": [
    42.8296995,
    71.3938426
  ],
  "Уральск": [
    51.2040697,
    51.3707863
  ],
  "Усть-Каменогорск": [
    49.9487494,
    82.6241871
  ],
  "Шымкент": [
    42.3146962,
    69.5883282
  ]
}